ts_key,smape,category
ALFA ROMEO_GIULIA_All_Wheel_Drive,39.82039551351133,30-40%
ALFA ROMEO_GIULIA_Diesel,153.29851875173358,>40%
ALFA ROMEO_GIULIA_Petrol,33.78397735536162,30-40%
ALFA ROMEO_GIULIA_Total,25.01286911375491,20-30%
ALFA ROMEO_STELVIO_All_Wheel_Drive,24.883317293235685,20-30%
ALFA ROMEO_STELVIO_Diesel,100.25170527876672,>40%
ALFA ROMEO_STELVIO_Petrol,19.451110738251,10-20%
ALFA ROMEO_STELVIO_Total,20.139771439724438,20-30%
ALFA ROMEO_TONALE_All_Wheel_Drive,131.49532159243032,>40%
ALFA ROMEO_TONALE_Diesel,144.57960321159308,>40%
ALFA ROMEO_TONALE_Hybrid,21.743130670881,20-30%
ALFA ROMEO_TONALE_Total,17.99154471243942,10-20%
ALPINE_A110_Petrol,103.05052219634712,>40%
ALPINE_A110_Total,106.7730101594951,>40%
ASTON MARTIN_DBX_All_Wheel_Drive,172.79049693155167,>40%
ASTON MARTIN_DBX_Petrol,173.38276971286177,>40%
ASTON MARTIN_DBX_Total,173.35120421926112,>40%
ASTON MARTIN_SONSTIGE_All_Wheel_Drive,200.0,>40%
ASTON MARTIN_SONSTIGE_Convertibles,200.0,>40%
ASTON MARTIN_SONSTIGE_Petrol,200.0,>40%
ASTON MARTIN_SONSTIGE_Total,200.0,>40%
AUDI_A1_Petrol,67.34957653657852,>40%
AUDI_A1_Total,67.78770769592187,>40%
AUDI_A3_All_Wheel_Drive,50.71975213983162,>40%
AUDI_A3_Diesel,59.7942679482938,>40%
AUDI_A3_Hybrid,53.88045910870479,>40%
AUDI_A3_Petrol,72.43630448722018,>40%
AUDI_A3_Total,83.65214903626965,>40%
AUDI_A4_All_Wheel_Drive,8.824303567475916,<10%
AUDI_A4_Hybrid,15.612665094644468,10-20%
AUDI_A4_Petrol,16.394880099992584,10-20%
AUDI_A4_Total,21.959480194222404,20-30%
AUDI_A5_All_Wheel_Drive,73.44421737143568,>40%
AUDI_A5_Convertibles,31.053534421598624,30-40%
AUDI_A5_Diesel,181.99857834533165,>40%
AUDI_A5_Hybrid,82.32016236989497,>40%
AUDI_A5_Petrol,85.54264293748952,>40%
AUDI_A5_Total,84.97766472519025,>40%
AUDI_A6_All_Wheel_Drive,68.82617307271217,>40%
AUDI_A6_Diesel,200.0,>40%
AUDI_A6_Electric_BEV,37.629876246638275,30-40%
AUDI_A6_Hybrid,69.91884763200572,>40%
AUDI_A6_Petrol,192.5162749587776,>40%
AUDI_A6_Total,72.50229159283604,>40%
AUDI_A7_All_Wheel_Drive,42.818894547787224,>40%
AUDI_A7_Hybrid,50.925677521384436,>40%
AUDI_A7_Petrol,195.72593984448486,>40%
AUDI_A7_Total,55.10337716549515,>40%
AUDI_A8_All_Wheel_Drive,17.98954459872402,10-20%
AUDI_A8_Hybrid,17.0040613013851,10-20%
AUDI_A8_Petrol,198.9989531589076,>40%
AUDI_A8_Total,13.689866928051634,10-20%
AUDI_E-TRON GT_All_Wheel_Drive,65.26301354919343,>40%
AUDI_E-TRON GT_Electric_BEV,59.74817994039482,>40%
AUDI_E-TRON GT_Total,62.46365877835623,>40%
AUDI_Q2_All_Wheel_Drive,39.58704306191491,30-40%
AUDI_Q2_Diesel,20.616062808244415,20-30%
AUDI_Q2_Petrol,53.6613961085035,>40%
AUDI_Q2_Total,57.47864453346255,>40%
AUDI_Q3_All_Wheel_Drive,21.681001804692333,20-30%
AUDI_Q3_Diesel,9.29930815630861,<10%
AUDI_Q3_Hybrid,148.4036816401119,>40%
AUDI_Q3_Petrol,39.89634848731088,30-40%
AUDI_Q3_Total,42.98665074245275,>40%
AUDI_Q4_All_Wheel_Drive,15.39557853757655,10-20%
AUDI_Q4_Electric_BEV,23.93373731150089,20-30%
AUDI_Q4_Total,22.67243334188967,20-30%
AUDI_Q5_All_Wheel_Drive,63.7935373622167,>40%
AUDI_Q5_Diesel,200.0,>40%
AUDI_Q5_Hybrid,65.77209760704523,>40%
AUDI_Q5_Petrol,179.87607606378265,>40%
AUDI_Q5_Total,65.98831823260079,>40%
AUDI_Q6_All_Wheel_Drive,73.18285750606,>40%
AUDI_Q6_Electric_BEV,82.90633757307847,>40%
AUDI_Q6_Total,82.90633757307847,>40%
AUDI_Q7_All_Wheel_Drive,80.04483193344282,>40%
AUDI_Q7_Diesel,200.0,>40%
AUDI_Q7_Hybrid,94.0484538036921,>40%
AUDI_Q7_Petrol,36.77964366075222,30-40%
AUDI_Q7_Total,80.77240601955754,>40%
AUDI_Q8_All_Wheel_Drive,56.85629036148799,>40%
AUDI_Q8_Diesel,200.0,>40%
AUDI_Q8_Electric_BEV,86.75452831207777,>40%
AUDI_Q8_Hybrid,88.79783042717163,>40%
AUDI_Q8_Petrol,40.20812793659205,>40%
AUDI_Q8_Total,56.8603305057379,>40%
AUDI_R8_All_Wheel_Drive,170.03262154754574,>40%
AUDI_R8_Convertibles,176.43911573767062,>40%
AUDI_R8_Petrol,149.76606391570485,>40%
AUDI_R8_Total,149.29219875089393,>40%
AUDI_SONSTIGE_All_Wheel_Drive,57.29254753991139,>40%
AUDI_SONSTIGE_Diesel,86.38508645879122,>40%
AUDI_SONSTIGE_Electric_BEV,200.0,>40%
AUDI_SONSTIGE_Hybrid,107.57235325834671,>40%
AUDI_SONSTIGE_Petrol,56.50361481143632,>40%
AUDI_SONSTIGE_Total,64.2922533413052,>40%
AUDI_TT_All_Wheel_Drive,150.08058103244332,>40%
AUDI_TT_Convertibles,161.22791052131663,>40%
AUDI_TT_Petrol,131.05912556922263,>40%
AUDI_TT_Total,133.33511784912213,>40%
BENTLEY_BENTAYGA_All_Wheel_Drive,164.09533097764856,>40%
BENTLEY_BENTAYGA_Hybrid,198.99883297809177,>40%
BENTLEY_BENTAYGA_Petrol,165.4789331298116,>40%
BENTLEY_BENTAYGA_Total,163.09793439432235,>40%
BENTLEY_CONTINENTAL_All_Wheel_Drive,104.37509114842298,>40%
BENTLEY_CONTINENTAL_Convertibles,160.8565016850431,>40%
BENTLEY_CONTINENTAL_Hybrid,125.11173213428893,>40%
BENTLEY_CONTINENTAL_Petrol,192.3002270359161,>40%
BENTLEY_CONTINENTAL_Total,106.19300028717007,>40%
BMW_1ER_All_Wheel_Drive,39.35819741380362,30-40%
BMW_1ER_Diesel,59.06210693130966,>40%
BMW_1ER_Electric_BEV,200.0,>40%
BMW_1ER_Hybrid,126.1227507762835,>40%
BMW_1ER_Petrol,48.74850698391635,>40%
BMW_1ER_Total,70.61742993165879,>40%
BMW_2ER_All_Wheel_Drive,36.95193462890167,30-40%
BMW_2ER_Diesel,54.69359307289691,>40%
BMW_2ER_Hybrid,38.08094586723941,30-40%
BMW_2ER_Petrol,48.861829829966055,>40%
BMW_2ER_Total,55.29641132538791,>40%
BMW_3ER_All_Wheel_Drive,62.82765264890075,>40%
BMW_3ER_Diesel,200.0,>40%
BMW_3ER_Hybrid,61.82255967166764,>40%
BMW_3ER_Petrol,48.31143355605106,>40%
BMW_3ER_Total,70.17282235256576,>40%
BMW_4ER_All_Wheel_Drive,54.043157131792796,>40%
BMW_4ER_Convertibles,34.98509231642571,30-40%
BMW_4ER_Electric_BEV,66.62591390224458,>40%
BMW_4ER_Hybrid,28.962750991963578,20-30%
BMW_4ER_Petrol,29.8855655655389,20-30%
BMW_4ER_Total,68.58138947151326,>40%
BMW_5ER_All_Wheel_Drive,100.10436118829861,>40%
BMW_5ER_Electric_BEV,58.49653620950364,>40%
BMW_5ER_Hybrid,90.87748106657565,>40%
BMW_5ER_Petrol,200.0,>40%
BMW_5ER_Total,96.66690829121646,>40%
BMW_7ER_All_Wheel_Drive,31.579229349458966,30-40%
BMW_7ER_Electric_BEV,52.846317181405034,>40%
BMW_7ER_Hybrid,18.14779470759603,10-20%
BMW_7ER_Petrol,200.0,>40%
BMW_7ER_Total,43.03333875397031,>40%
BMW_8ER_All_Wheel_Drive,38.3847649415108,30-40%
BMW_8ER_Convertibles,133.96340310602193,>40%
BMW_8ER_Hybrid,163.11187247169653,>40%
BMW_8ER_Petrol,43.80608533058661,>40%
BMW_8ER_Total,36.16263125556727,30-40%
BMW_IX_All_Wheel_Drive,5.887939118232288,<10%
BMW_IX_Electric_BEV,5.229694131124571,<10%
BMW_IX_Total,5.523939211993765,<10%
BMW_SONSTIGE_All_Wheel_Drive,38.36758328475742,30-40%
BMW_SONSTIGE_Convertibles,200.0,>40%
BMW_SONSTIGE_Diesel,152.0094389181893,>40%
BMW_SONSTIGE_Hybrid,137.89691115183612,>40%
BMW_SONSTIGE_Petrol,71.52987487230816,>40%
BMW_SONSTIGE_Total,33.84093561753338,30-40%
BMW_X1_All_Wheel_Drive,76.44698934740232,>40%
BMW_X1_Diesel,37.30918662683395,30-40%
BMW_X1_Electric_BEV,66.06295410336087,>40%
BMW_X1_Hybrid,76.11579726335619,>40%
BMW_X1_Petrol,72.52652569404252,>40%
BMW_X1_Total,98.82386317768804,>40%
BMW_X2_All_Wheel_Drive,48.93929269121251,>40%
BMW_X2_Diesel,33.17441282506843,30-40%
BMW_X2_Electric_BEV,32.62277206961502,30-40%
BMW_X2_Hybrid,65.07201833437529,>40%
BMW_X2_Petrol,35.36685255724053,30-40%
BMW_X2_Total,67.75641791178293,>40%
BMW_X3_All_Wheel_Drive,46.42220474428204,>40%
BMW_X3_Diesel,200.0,>40%
BMW_X3_Electric_BEV,51.28100617779117,>40%
BMW_X3_Hybrid,49.747110206778686,>40%
BMW_X3_Petrol,63.307960512236626,>40%
BMW_X3_Total,55.2266477137482,>40%
BMW_X4_All_Wheel_Drive,37.44867614033605,30-40%
BMW_X4_Hybrid,50.36269066622909,>40%
BMW_X4_Petrol,98.94230319768461,>40%
BMW_X4_Total,42.926883184360726,>40%
BMW_X5_All_Wheel_Drive,64.80679506035392,>40%
BMW_X5_Diesel,200.0,>40%
BMW_X5_Hybrid,66.50652924410464,>40%
BMW_X5_Petrol,198.8154543452774,>40%
BMW_X5_Total,65.1356283373924,>40%
BMW_X6_All_Wheel_Drive,31.55027221066906,30-40%
BMW_X6_Hybrid,26.754605290762505,20-30%
BMW_X6_Petrol,194.6200807993893,>40%
BMW_X6_Total,29.309166179597067,20-30%
BMW_X7_All_Wheel_Drive,35.14554397096526,30-40%
BMW_X7_Diesel,200.0,>40%
BMW_X7_Hybrid,26.421942295040683,20-30%
BMW_X7_Petrol,174.7255520776746,>40%
BMW_X7_Total,40.57627538141712,>40%
BMW_XM_All_Wheel_Drive,31.313070255553697,30-40%
BMW_XM_Hybrid,29.56430079791272,20-30%
BMW_XM_Total,36.47297843692497,30-40%
BMW_Z4_Convertibles,8.629836537579505,<10%
BMW_Z4_Petrol,10.206793024348714,10-20%
BMW_Z4_Total,10.145139706229205,10-20%
BYD_ATTO 3_Electric_BEV,58.41092877730431,>40%
BYD_ATTO 3_Total,61.32020421141241,>40%
BYD_DOLPHIN_Electric_BEV,78.0419701207224,>40%
BYD_DOLPHIN_Total,78.08702005625109,>40%
BYD_SEAL_All_Wheel_Drive,120.51337062972107,>40%
BYD_SEAL_Electric_BEV,81.41049279354306,>40%
BYD_SEAL_Hybrid,200.0,>40%
BYD_SEAL_Total,80.91478374736076,>40%
BYD_SONSTIGE_All_Wheel_Drive,170.26453310509945,>40%
BYD_SONSTIGE_Diesel,200.0,>40%
BYD_SONSTIGE_Electric_BEV,155.2666874176312,>40%
BYD_SONSTIGE_Hybrid,200.0,>40%
BYD_SONSTIGE_Total,156.03008279193116,>40%
CADILLAC_ESCALADE_All_Wheel_Drive,163.45846580150382,>40%
CADILLAC_ESCALADE_Petrol,162.03628821409265,>40%
CADILLAC_ESCALADE_Total,164.11805775904725,>40%
CITROEN_BERLINGO_Diesel,52.005777489392315,>40%
CITROEN_BERLINGO_Electric_BEV,133.38311423720876,>40%
CITROEN_BERLINGO_Petrol,38.220707683367955,30-40%
CITROEN_BERLINGO_Total,54.40621162504855,>40%
CITROEN_C3_Electric_BEV,85.68577794275298,>40%
CITROEN_C3_Hybrid,186.35344634765377,>40%
CITROEN_C3_Petrol,72.48550212293011,>40%
CITROEN_C3_Total,80.8246010339935,>40%
CITROEN_C4_Diesel,83.49390908059493,>40%
CITROEN_C4_Electric_BEV,101.60613416240419,>40%
CITROEN_C4_Hybrid,9.544780042565375,<10%
CITROEN_C4_Petrol,83.51884543887353,>40%
CITROEN_C4_Total,58.0213475285556,>40%
CITROEN_C5_Diesel,90.28028735488834,>40%
CITROEN_C5_Electric_BEV,200.0,>40%
CITROEN_C5_Hybrid,77.33193941749396,>40%
CITROEN_C5_Petrol,51.77371178385597,>40%
CITROEN_C5_Total,71.67068060932164,>40%
CITROEN_JUMPER_All_Wheel_Drive,166.54739769779601,>40%
CITROEN_JUMPER_Diesel,24.652277640271013,20-30%
CITROEN_JUMPER_Petrol,190.75028499065795,>40%
CITROEN_JUMPER_Total,26.21663481651209,20-30%
CITROEN_JUMPY_All_Wheel_Drive,200.0,>40%
CITROEN_JUMPY_Diesel,42.15000977016799,>40%
CITROEN_JUMPY_Electric_BEV,166.3435115566882,>40%
CITROEN_JUMPY_Petrol,200.0,>40%
CITROEN_JUMPY_Total,36.04960194707567,30-40%
DACIA_DUSTER_All_Wheel_Drive,39.450414264946026,30-40%
DACIA_DUSTER_Diesel,139.84554847910206,>40%
DACIA_DUSTER_Hybrid,59.69075375102274,>40%
DACIA_DUSTER_Petrol,21.93494279539073,20-30%
DACIA_DUSTER_Total,62.81946848794454,>40%
DACIA_JOGGER_Hybrid,24.14572685096284,20-30%
DACIA_JOGGER_Petrol,67.61270893053897,>40%
DACIA_JOGGER_Total,70.09859363715152,>40%
DACIA_SANDERO_All_Wheel_Drive,200.0,>40%
DACIA_SANDERO_Petrol,73.62856612325689,>40%
DACIA_SANDERO_Total,73.03985049643043,>40%
DACIA_SONSTIGE_Hybrid,200.0,>40%
DACIA_SONSTIGE_Petrol,197.55762120354714,>40%
DACIA_SONSTIGE_Total,197.52289754178588,>40%
DACIA_SPRING_Electric_BEV,101.99694242325286,>40%
DACIA_SPRING_Total,100.98407740868056,>40%
FERRARI_296_Convertibles,111.64002238825415,>40%
FERRARI_296_Hybrid,97.39225483996842,>40%
FERRARI_296_Petrol,200.0,>40%
FERRARI_296_Total,100.90252536508137,>40%
FERRARI_PUROSANGUE_All_Wheel_Drive,84.32853149685265,>40%
FERRARI_PUROSANGUE_Petrol,89.73843623797694,>40%
FERRARI_PUROSANGUE_Total,88.97276294168023,>40%
FERRARI_ROMA_Convertibles,136.81274083200842,>40%
FERRARI_ROMA_Petrol,132.47128574466618,>40%
FERRARI_ROMA_Total,131.5226289327167,>40%
FERRARI_SF90_All_Wheel_Drive,158.20201190801743,>40%
FERRARI_SF90_Convertibles,164.48055250749923,>40%
FERRARI_SF90_Hybrid,159.23111878264874,>40%
FERRARI_SF90_Petrol,200.0,>40%
FERRARI_SF90_Total,158.61810161945675,>40%
FERRARI_SONSTIGE_Convertibles,185.08513814417134,>40%
FERRARI_SONSTIGE_Hybrid,200.0,>40%
FERRARI_SONSTIGE_Petrol,181.12822103389504,>40%
FERRARI_SONSTIGE_Total,182.78091024190678,>40%
FIAT_500_Electric_BEV,88.56447364879018,>40%
FIAT_500_Hybrid,183.22765798671344,>40%
FIAT_500_Petrol,147.88794540344279,>40%
FIAT_500_Total,87.659696265738,>40%
FIAT_600_Electric_BEV,54.26407554269845,>40%
FIAT_600_Hybrid,76.78119485977084,>40%
FIAT_600_Petrol,199.00181801962614,>40%
FIAT_600_Total,84.91093174673958,>40%
FIAT_DUCATO_All_Wheel_Drive,138.97170925309663,>40%
FIAT_DUCATO_Diesel,29.622700536374815,20-30%
FIAT_DUCATO_Electric_BEV,200.0,>40%
FIAT_DUCATO_Petrol,177.5976114390959,>40%
FIAT_DUCATO_Total,29.063065094305202,20-30%
FIAT_PANDA_Electric_BEV,200.0,>40%
FIAT_PANDA_Hybrid,70.08848512204588,>40%
FIAT_PANDA_Total,68.70437568598886,>40%
FIAT_SONSTIGE_Diesel,200.0,>40%
FIAT_SONSTIGE_Petrol,191.40836090201535,>40%
FIAT_SONSTIGE_Total,191.753284277558,>40%
FIAT_TIPO_Diesel,129.2880038337364,>40%
FIAT_TIPO_Hybrid,193.31837818958,>40%
FIAT_TIPO_Total,132.8904427971915,>40%
FIAT_ULYSSE_All_Wheel_Drive,200.0,>40%
FIAT_ULYSSE_Diesel,200.0,>40%
FIAT_ULYSSE_Electric_BEV,200.0,>40%
FIAT_ULYSSE_Petrol,196.10980853890484,>40%
FIAT_ULYSSE_Total,196.04785520451884,>40%
FISKER_OCEAN_All_Wheel_Drive,198.02133805175106,>40%
FISKER_OCEAN_Electric_BEV,198.03018066087253,>40%
FISKER_OCEAN_Total,198.01824196885505,>40%
FORD_EXPLORER_All_Wheel_Drive,54.285749464630086,>40%
FORD_EXPLORER_Electric_BEV,32.40545622933302,30-40%
FORD_EXPLORER_Hybrid,73.38878296086465,>40%
FORD_EXPLORER_Petrol,197.40335215004475,>40%
FORD_EXPLORER_Total,41.75759455634561,>40%
FORD_FIESTA_Hybrid,200.0,>40%
FORD_FIESTA_Petrol,200.0,>40%
FORD_FIESTA_Total,200.0,>40%
FORD_FOCUS_Diesel,19.13335764464872,10-20%
FORD_FOCUS_Hybrid,13.065837706482993,10-20%
FORD_FOCUS_Petrol,30.605639050239848,30-40%
FORD_FOCUS_Total,33.40123424441232,30-40%
FORD_KUGA_All_Wheel_Drive,23.13161449600509,20-30%
FORD_KUGA_Diesel,165.6266951450866,>40%
FORD_KUGA_Hybrid,42.85808938837801,>40%
FORD_KUGA_Petrol,41.406097872680306,>40%
FORD_KUGA_Total,34.40724990576027,30-40%
FORD_MUSTANG MACH-E_All_Wheel_Drive,85.39530069782367,>40%
FORD_MUSTANG MACH-E_Electric_BEV,66.60103610735645,>40%
FORD_MUSTANG MACH-E_Total,61.84548095130038,>40%
FORD_MUSTANG_Convertibles,119.83716851121365,>40%
FORD_MUSTANG_Petrol,58.30042206558406,>40%
FORD_MUSTANG_Total,56.4768814276219,>40%
FORD_PUMA_Electric_BEV,200.0,>40%
FORD_PUMA_Hybrid,31.937806857994417,30-40%
FORD_PUMA_Petrol,151.18134289020276,>40%
FORD_PUMA_Total,33.162085334836675,30-40%
FORD_SONSTIGE_All_Wheel_Drive,186.22654701413535,>40%
FORD_SONSTIGE_Convertibles,200.0,>40%
FORD_SONSTIGE_Diesel,175.5183898468043,>40%
FORD_SONSTIGE_Electric_BEV,171.79130009841685,>40%
FORD_SONSTIGE_Hybrid,200.0,>40%
FORD_SONSTIGE_Petrol,190.76656704869927,>40%
FORD_SONSTIGE_Total,142.97053368917608,>40%
FORD_TRANSIT CONNECT_All_Wheel_Drive,110.3231947187237,>40%
FORD_TRANSIT CONNECT_Diesel,29.926384941303102,20-30%
FORD_TRANSIT CONNECT_Hybrid,188.09939731973932,>40%
FORD_TRANSIT CONNECT_Petrol,26.675062542766014,20-30%
FORD_TRANSIT CONNECT_Total,35.74394314694711,30-40%
FORD_TRANSIT COURIER_Diesel,200.0,>40%
FORD_TRANSIT COURIER_Electric_BEV,200.0,>40%
FORD_TRANSIT COURIER_Petrol,18.600825855974833,10-20%
FORD_TRANSIT COURIER_Total,28.597724828079468,20-30%
FORD_TRANSIT CUSTOM_All_Wheel_Drive,39.36794496473521,30-40%
FORD_TRANSIT CUSTOM_Diesel,63.730937891121485,>40%
FORD_TRANSIT CUSTOM_Electric_BEV,88.35219485330916,>40%
FORD_TRANSIT CUSTOM_Hybrid,2.5781949048623103,<10%
FORD_TRANSIT CUSTOM_Petrol,200.0,>40%
FORD_TRANSIT CUSTOM_Total,72.67994475823679,>40%
"FORD_TRANSIT, TOURNEO_All_Wheel_Drive",70.54266419718603,>40%
"FORD_TRANSIT, TOURNEO_Diesel",14.940987430161057,10-20%
"FORD_TRANSIT, TOURNEO_Electric_BEV",200.0,>40%
"FORD_TRANSIT, TOURNEO_Hybrid",200.0,>40%
"FORD_TRANSIT, TOURNEO_Petrol",193.9043414935655,>40%
"FORD_TRANSIT, TOURNEO_Total",13.964065930561107,10-20%
HONDA_CIVIC_Hybrid,74.1959009061481,>40%
HONDA_CIVIC_Petrol,178.20655386147914,>40%
HONDA_CIVIC_Total,61.8231763635643,>40%
HONDA_CR-V_All_Wheel_Drive,67.77297944426431,>40%
HONDA_CR-V_Hybrid,54.530911276601266,>40%
HONDA_CR-V_Petrol,200.0,>40%
HONDA_CR-V_Total,59.207897856170575,>40%
HONDA_E:NY1_Electric_BEV,179.71925495921454,>40%
HONDA_E:NY1_Total,176.61446593066205,>40%
HONDA_HR-V_Hybrid,24.27416979858907,20-30%
HONDA_HR-V_Total,22.640321084399716,20-30%
HONDA_JAZZ_Hybrid,33.06489272750579,30-40%
HONDA_JAZZ_Total,28.60715135292862,20-30%
HONDA_SONSTIGE_All_Wheel_Drive,200.0,>40%
HONDA_SONSTIGE_Electric_BEV,200.0,>40%
HONDA_SONSTIGE_Hybrid,200.0,>40%
HONDA_SONSTIGE_Petrol,194.38178123300798,>40%
HONDA_SONSTIGE_Total,194.86312794709934,>40%
HONDA_ZR-V_Hybrid,74.16743237691644,>40%
HONDA_ZR-V_Petrol,200.0,>40%
HONDA_ZR-V_Total,74.07878324232038,>40%
HYUNDAI_BAYON_Hybrid,170.2486894655171,>40%
HYUNDAI_BAYON_Petrol,48.500151989840745,>40%
HYUNDAI_BAYON_Total,17.222830104415156,10-20%
HYUNDAI_GV70_All_Wheel_Drive,79.60983943487791,>40%
HYUNDAI_GV70_Diesel,99.33977302341813,>40%
HYUNDAI_GV70_Electric_BEV,141.16979513369208,>40%
HYUNDAI_GV70_Petrol,149.53321080777897,>40%
HYUNDAI_GV70_Total,79.22785505290442,>40%
HYUNDAI_GV80_All_Wheel_Drive,168.53708800091377,>40%
HYUNDAI_GV80_Diesel,187.1455625090357,>40%
HYUNDAI_GV80_Petrol,179.6359932646424,>40%
HYUNDAI_GV80_Total,167.10271360928724,>40%
HYUNDAI_I 10_Petrol,46.43989082358701,>40%
HYUNDAI_I 10_Total,43.74423583163978,>40%
HYUNDAI_I 20_All_Wheel_Drive,200.0,>40%
HYUNDAI_I 20_Hybrid,169.26461444064913,>40%
HYUNDAI_I 20_Petrol,52.95796194335784,>40%
HYUNDAI_I 20_Total,28.425985737104742,20-30%
HYUNDAI_I 30_Hybrid,59.54061829013965,>40%
HYUNDAI_I 30_Petrol,27.09901926865505,20-30%
HYUNDAI_I 30_Total,64.1750117706362,>40%
HYUNDAI_IONIQ5_All_Wheel_Drive,17.585332594436164,10-20%
HYUNDAI_IONIQ5_Electric_BEV,26.56126870034086,20-30%
HYUNDAI_IONIQ5_Total,24.810204922947143,20-30%
HYUNDAI_IONIQ6_All_Wheel_Drive,51.48864977432872,>40%
HYUNDAI_IONIQ6_Electric_BEV,47.461139658659214,>40%
HYUNDAI_IONIQ6_Total,46.386476160525696,>40%
HYUNDAI_KONA_All_Wheel_Drive,57.615875402777895,>40%
HYUNDAI_KONA_Electric_BEV,33.254615212746444,30-40%
HYUNDAI_KONA_Hybrid,29.320971333255976,20-30%
HYUNDAI_KONA_Petrol,30.01668646324195,30-40%
HYUNDAI_KONA_Total,51.00240323149487,>40%
HYUNDAI_SANTA FE_All_Wheel_Drive,21.309952205227514,20-30%
HYUNDAI_SANTA FE_Hybrid,21.250173609165348,20-30%
HYUNDAI_SANTA FE_Petrol,200.0,>40%
HYUNDAI_SANTA FE_Total,23.32619970538122,20-30%
HYUNDAI_SONSTIGE_All_Wheel_Drive,196.3132444141265,>40%
HYUNDAI_SONSTIGE_Electric_BEV,191.54939621639917,>40%
HYUNDAI_SONSTIGE_Hybrid,200.0,>40%
HYUNDAI_SONSTIGE_Petrol,198.46817043643352,>40%
HYUNDAI_SONSTIGE_Total,188.3955109445348,>40%
HYUNDAI_STARIA_All_Wheel_Drive,166.39526227690672,>40%
HYUNDAI_STARIA_Diesel,131.78661574354953,>40%
HYUNDAI_STARIA_Electric_BEV,200.0,>40%
HYUNDAI_STARIA_Hybrid,101.73307481828691,>40%
HYUNDAI_STARIA_Total,84.4027423780178,>40%
HYUNDAI_TUCSON_All_Wheel_Drive,69.66537357899661,>40%
HYUNDAI_TUCSON_Diesel,200.0,>40%
HYUNDAI_TUCSON_Hybrid,73.72581376157767,>40%
HYUNDAI_TUCSON_Petrol,33.74885379600928,30-40%
HYUNDAI_TUCSON_Total,70.1044083186148,>40%
INEOS_GRENADIER_All_Wheel_Drive,94.23627553322589,>40%
INEOS_GRENADIER_Diesel,101.76165958493817,>40%
INEOS_GRENADIER_Petrol,177.2187764863126,>40%
INEOS_GRENADIER_Total,96.72462258067377,>40%
IVECO_DAILY_All_Wheel_Drive,182.19871414375115,>40%
IVECO_DAILY_Diesel,32.80606408796221,30-40%
IVECO_DAILY_Electric_BEV,200.0,>40%
IVECO_DAILY_Total,35.36792203091311,30-40%
IVECO_SONSTIGE_Diesel,200.0,>40%
IVECO_SONSTIGE_Petrol,190.44392967085253,>40%
IVECO_SONSTIGE_Total,190.2034982595888,>40%
JAGUAR_E-PACE_All_Wheel_Drive,98.04492591262476,>40%
JAGUAR_E-PACE_Hybrid,103.41716296857419,>40%
JAGUAR_E-PACE_Total,98.47317406145321,>40%
JAGUAR_F-PACE_All_Wheel_Drive,47.2670764225326,>40%
JAGUAR_F-PACE_Hybrid,62.02393632700417,>40%
JAGUAR_F-PACE_Petrol,150.70579525046924,>40%
JAGUAR_F-PACE_Total,47.965238893677444,>40%
JAGUAR_F-TYPE_All_Wheel_Drive,121.48377198808129,>40%
JAGUAR_F-TYPE_Convertibles,137.84625488316695,>40%
JAGUAR_F-TYPE_Petrol,92.17123514820682,>40%
JAGUAR_F-TYPE_Total,93.78019677082142,>40%
JAGUAR_XE_All_Wheel_Drive,189.97893732744976,>40%
JAGUAR_XE_Hybrid,195.97426882509802,>40%
JAGUAR_XE_Petrol,183.02154384350294,>40%
JAGUAR_XE_Total,177.00503288471992,>40%
JEEP_AVENGER_All_Wheel_Drive,200.0,>40%
JEEP_AVENGER_Electric_BEV,80.64601224305625,>40%
JEEP_AVENGER_Hybrid,11.046674646885597,10-20%
JEEP_AVENGER_Petrol,86.07189711037987,>40%
JEEP_AVENGER_Total,82.56498625787522,>40%
JEEP_COMPASS_All_Wheel_Drive,144.2085404884039,>40%
JEEP_COMPASS_Hybrid,13.876308349780931,10-20%
JEEP_COMPASS_Total,15.317998153655795,10-20%
JEEP_GRAND CHEROKEE_All_Wheel_Drive,166.55589553728208,>40%
JEEP_GRAND CHEROKEE_Hybrid,172.51210119693556,>40%
JEEP_GRAND CHEROKEE_Total,167.2605954124794,>40%
JEEP_RENEGADE_All_Wheel_Drive,161.13863891962748,>40%
JEEP_RENEGADE_Hybrid,15.102689825459837,10-20%
JEEP_RENEGADE_Total,30.691767374903208,30-40%
JEEP_WRANGLER_All_Wheel_Drive,36.94971854822537,30-40%
JEEP_WRANGLER_Convertibles,181.11395866755507,>40%
JEEP_WRANGLER_Diesel,200.0,>40%
JEEP_WRANGLER_Hybrid,175.57980189670027,>40%
JEEP_WRANGLER_Petrol,37.784023930797304,30-40%
JEEP_WRANGLER_Total,38.29158036531244,30-40%
KIA_CEED_Hybrid,62.240081174459135,>40%
KIA_CEED_Petrol,44.943203658368574,>40%
KIA_CEED_Total,31.73473289162058,30-40%
KIA_EV6_All_Wheel_Drive,45.06053418637081,>40%
KIA_EV6_Electric_BEV,34.842230275059755,30-40%
KIA_EV6_Total,36.784920058623136,30-40%
KIA_EV9_All_Wheel_Drive,23.412449471041317,20-30%
KIA_EV9_Electric_BEV,22.275865980080447,20-30%
KIA_EV9_Total,23.05412734515083,20-30%
KIA_NIRO_Electric_BEV,79.30909738501364,>40%
KIA_NIRO_Hybrid,23.45498562098678,20-30%
KIA_NIRO_Petrol,200.0,>40%
KIA_NIRO_Total,28.562806882730523,20-30%
KIA_PICANTO_Petrol,52.60125250791413,>40%
KIA_PICANTO_Total,52.75433738609551,>40%
KIA_RIO_Electric_BEV,200.0,>40%
KIA_RIO_Petrol,200.0,>40%
KIA_RIO_Total,200.0,>40%
KIA_SONSTIGE_All_Wheel_Drive,200.0,>40%
KIA_SONSTIGE_Electric_BEV,188.28840416617982,>40%
KIA_SONSTIGE_Hybrid,200.0,>40%
KIA_SONSTIGE_Petrol,193.552181330564,>40%
KIA_SONSTIGE_Total,182.43340162617415,>40%
KIA_SORENTO_All_Wheel_Drive,29.482289008851616,20-30%
KIA_SORENTO_Diesel,67.63763665998091,>40%
KIA_SORENTO_Hybrid,45.00176516178804,>40%
KIA_SORENTO_Total,28.67255421841027,20-30%
KIA_SOUL_Electric_BEV,109.11366248848128,>40%
KIA_SOUL_Total,105.50524646464304,>40%
KIA_SPORTAGE_All_Wheel_Drive,29.105270760115925,20-30%
KIA_SPORTAGE_Hybrid,57.403709051328796,>40%
KIA_SPORTAGE_Petrol,49.36149221982147,>40%
KIA_SPORTAGE_Total,54.41936251941014,>40%
KIA_STINGER_All_Wheel_Drive,200.0,>40%
KIA_STINGER_Petrol,200.0,>40%
KIA_STINGER_Total,200.0,>40%
KIA_STONIC_Hybrid,12.26685997966019,10-20%
KIA_STONIC_Petrol,43.14635676904392,>40%
KIA_STONIC_Total,39.384040095785224,30-40%
LAMBORGHINI_SONSTIGE_All_Wheel_Drive,124.26729009455941,>40%
LAMBORGHINI_SONSTIGE_Convertibles,172.09128878569746,>40%
LAMBORGHINI_SONSTIGE_Hybrid,171.1176986944036,>40%
LAMBORGHINI_SONSTIGE_Petrol,120.61190430160605,>40%
LAMBORGHINI_SONSTIGE_Total,109.61481611667361,>40%
LAMBORGHINI_URUS_All_Wheel_Drive,126.75777157323897,>40%
LAMBORGHINI_URUS_Hybrid,188.68646753425847,>40%
LAMBORGHINI_URUS_Petrol,128.18313108603166,>40%
LAMBORGHINI_URUS_Total,125.05639631101964,>40%
LAND ROVER_DEFENDER_All_Wheel_Drive,55.39700196732492,>40%
LAND ROVER_DEFENDER_Hybrid,51.80426678347938,>40%
LAND ROVER_DEFENDER_Petrol,122.46606715180377,>40%
LAND ROVER_DEFENDER_Total,62.83152673382651,>40%
LAND ROVER_DISCOVERY SPORT_All_Wheel_Drive,50.098100288572056,>40%
LAND ROVER_DISCOVERY SPORT_Hybrid,42.731355955840925,>40%
LAND ROVER_DISCOVERY SPORT_Total,42.609881136409314,>40%
LAND ROVER_DISCOVERY_All_Wheel_Drive,70.10410975324861,>40%
LAND ROVER_DISCOVERY_Hybrid,70.43255233415277,>40%
LAND ROVER_DISCOVERY_Total,73.5504097077034,>40%
LAND ROVER_RANGE ROVER EVOQUE_All_Wheel_Drive,27.838463734856344,20-30%
LAND ROVER_RANGE ROVER EVOQUE_Diesel,200.0,>40%
LAND ROVER_RANGE ROVER EVOQUE_Hybrid,23.785228408393806,20-30%
LAND ROVER_RANGE ROVER EVOQUE_Total,26.387212546132016,20-30%
LAND ROVER_RANGE ROVER SPORT_All_Wheel_Drive,19.97806273400952,10-20%
LAND ROVER_RANGE ROVER SPORT_Diesel,200.0,>40%
LAND ROVER_RANGE ROVER SPORT_Hybrid,19.61832901250574,10-20%
LAND ROVER_RANGE ROVER SPORT_Petrol,200.0,>40%
LAND ROVER_RANGE ROVER SPORT_Total,21.690249156447873,20-30%
LAND ROVER_RANGE ROVER VELAR_All_Wheel_Drive,37.03386473273098,30-40%
LAND ROVER_RANGE ROVER VELAR_Hybrid,28.78413358637455,20-30%
LAND ROVER_RANGE ROVER VELAR_Petrol,153.9396087993933,>40%
LAND ROVER_RANGE ROVER VELAR_Total,37.80407024942473,30-40%
LAND ROVER_RANGE ROVER_All_Wheel_Drive,20.26171527626895,20-30%
LAND ROVER_RANGE ROVER_Diesel,200.0,>40%
LAND ROVER_RANGE ROVER_Hybrid,18.239373648259637,10-20%
LAND ROVER_RANGE ROVER_Petrol,192.48382400830423,>40%
LAND ROVER_RANGE ROVER_Total,19.208683220248226,10-20%
LEXUS_ES_Hybrid,96.143315531095,>40%
LEXUS_ES_Petrol,200.0,>40%
LEXUS_ES_Total,96.62306514946147,>40%
LEXUS_NX_All_Wheel_Drive,26.517616559347196,20-30%
LEXUS_NX_Hybrid,50.84501741042756,>40%
LEXUS_NX_Total,46.024259816555535,>40%
LEXUS_RX_All_Wheel_Drive,7.269876893252912,<10%
LEXUS_RX_Hybrid,4.708688348954268,<10%
LEXUS_RX_Total,5.525468143862731,<10%
LEXUS_RZ_All_Wheel_Drive,139.90299881391672,>40%
LEXUS_RZ_Electric_BEV,131.08358017998265,>40%
LEXUS_RZ_Total,120.36597657833859,>40%
LEXUS_UX_All_Wheel_Drive,172.03149954888735,>40%
LEXUS_UX_Electric_BEV,194.92709605371036,>40%
LEXUS_UX_Hybrid,29.53188743663528,20-30%
LEXUS_UX_Total,26.230003564189765,20-30%
LOTUS_ELETRE_All_Wheel_Drive,123.20210471659433,>40%
LOTUS_ELETRE_Electric_BEV,121.30278215309944,>40%
LOTUS_ELETRE_Total,122.74672349520152,>40%
LOTUS_SONSTIGE_All_Wheel_Drive,195.75885434274753,>40%
LOTUS_SONSTIGE_Electric_BEV,195.60820056923836,>40%
LOTUS_SONSTIGE_Petrol,200.0,>40%
LOTUS_SONSTIGE_Total,195.65299072066128,>40%
LYNK & CO_01_Hybrid,192.57056734610242,>40%
LYNK & CO_01_Total,194.30102619641136,>40%
MAN_SONSTIGE_All_Wheel_Drive,200.0,>40%
MAN_SONSTIGE_Diesel,200.0,>40%
MAN_SONSTIGE_Petrol,183.76890947268754,>40%
MAN_SONSTIGE_Total,183.23076130487593,>40%
MAN_TGE_All_Wheel_Drive,145.79446794938764,>40%
MAN_TGE_Diesel,26.821632388138056,20-30%
MAN_TGE_Electric_BEV,200.0,>40%
MAN_TGE_Petrol,194.57862523052148,>40%
MAN_TGE_Total,29.757944987942793,20-30%
MASERATI_GRECALE_All_Wheel_Drive,115.82962833185701,>40%
MASERATI_GRECALE_Electric_BEV,197.45808079447917,>40%
MASERATI_GRECALE_Hybrid,146.776275484015,>40%
MASERATI_GRECALE_Petrol,157.96247730618532,>40%
MASERATI_GRECALE_Total,109.72014190229488,>40%
MASERATI_LEVANTE_All_Wheel_Drive,168.1708868835553,>40%
MASERATI_LEVANTE_Hybrid,198.02775660818048,>40%
MASERATI_LEVANTE_Petrol,171.34995242911486,>40%
MASERATI_LEVANTE_Total,169.80603706058994,>40%
MASERATI_SONSTIGE_All_Wheel_Drive,200.0,>40%
MASERATI_SONSTIGE_Convertibles,200.0,>40%
MASERATI_SONSTIGE_Petrol,185.78811280592004,>40%
MASERATI_SONSTIGE_Total,184.82495175530133,>40%
MAZDA_2_Hybrid,23.815281219433096,20-30%
MAZDA_2_Petrol,74.0593366967143,>40%
MAZDA_2_Total,27.338583454485736,20-30%
MAZDA_3_All_Wheel_Drive,173.34809033237244,>40%
MAZDA_3_Hybrid,39.89718361222344,30-40%
MAZDA_3_Petrol,200.0,>40%
MAZDA_3_Total,50.12511433924042,>40%
MAZDA_6_Electric_BEV,200.0,>40%
MAZDA_6_Petrol,58.47868798970751,>40%
MAZDA_6_Total,59.20118092092448,>40%
MAZDA_CX-30_All_Wheel_Drive,69.17659384856493,>40%
MAZDA_CX-30_Hybrid,67.1032432902741,>40%
MAZDA_CX-30_Total,64.8172793452991,>40%
MAZDA_CX-5_All_Wheel_Drive,20.806242565108324,20-30%
MAZDA_CX-5_Diesel,48.68792788311637,>40%
MAZDA_CX-5_Hybrid,30.013553072880093,30-40%
MAZDA_CX-5_Petrol,200.0,>40%
MAZDA_CX-5_Total,30.36252795219688,30-40%
MAZDA_CX-60_All_Wheel_Drive,98.61736984657264,>40%
MAZDA_CX-60_Hybrid,99.05105830565503,>40%
MAZDA_CX-60_Total,96.5721685534787,>40%
MAZDA_MX-30_Electric_BEV,120.3412651857998,>40%
MAZDA_MX-30_Hybrid,46.740006447024314,>40%
MAZDA_MX-30_Total,41.79742992681242,>40%
MAZDA_MX-5_Convertibles,44.21455968063277,>40%
MAZDA_MX-5_Petrol,48.644242443223526,>40%
MAZDA_MX-5_Total,43.19007934821437,>40%
MERCEDES_A-KLASSE_All_Wheel_Drive,62.82150513712579,>40%
MERCEDES_A-KLASSE_Diesel,38.62395047922171,30-40%
MERCEDES_A-KLASSE_Hybrid,56.45766245153149,>40%
MERCEDES_A-KLASSE_Petrol,103.35356858003428,>40%
MERCEDES_A-KLASSE_Total,51.79692510800861,>40%
MERCEDES_AMG GT_All_Wheel_Drive,13.515180905392446,10-20%
MERCEDES_AMG GT_Hybrid,96.55351078984991,>40%
MERCEDES_AMG GT_Petrol,29.37842107464253,20-30%
MERCEDES_AMG GT_Total,11.353405602985099,10-20%
MERCEDES_B-KLASSE_All_Wheel_Drive,98.84450232046325,>40%
MERCEDES_B-KLASSE_Diesel,43.08820902821027,>40%
MERCEDES_B-KLASSE_Hybrid,59.09096521866816,>40%
MERCEDES_B-KLASSE_Petrol,200.0,>40%
MERCEDES_B-KLASSE_Total,61.77190877920021,>40%
MERCEDES_C-KLASSE_All_Wheel_Drive,16.798604717498456,10-20%
MERCEDES_C-KLASSE_Convertibles,200.0,>40%
MERCEDES_C-KLASSE_Hybrid,60.33045638026967,>40%
MERCEDES_C-KLASSE_Petrol,194.30574506947445,>40%
MERCEDES_C-KLASSE_Total,66.89841032334057,>40%
MERCEDES_CITAN_Diesel,39.065074698660766,30-40%
MERCEDES_CITAN_Electric_BEV,29.72299405883983,20-30%
MERCEDES_CITAN_Petrol,54.77342973083289,>40%
MERCEDES_CITAN_Total,82.53481315337275,>40%
MERCEDES_CLA-KLASSE_All_Wheel_Drive,16.94236500896019,10-20%
MERCEDES_CLA-KLASSE_Diesel,39.65080789683879,30-40%
MERCEDES_CLA-KLASSE_Electric_BEV,200.0,>40%
MERCEDES_CLA-KLASSE_Hybrid,49.59662242213845,>40%
MERCEDES_CLA-KLASSE_Petrol,63.75436950737187,>40%
MERCEDES_CLA-KLASSE_Total,52.67109550967783,>40%
MERCEDES_CLE_All_Wheel_Drive,12.051584302641379,10-20%
MERCEDES_CLE_Convertibles,4.305712499540086,<10%
MERCEDES_CLE_Hybrid,26.817359334135876,20-30%
MERCEDES_CLE_Total,30.615052890546202,30-40%
MERCEDES_CLS_All_Wheel_Drive,193.92171136020775,>40%
MERCEDES_CLS_Hybrid,194.4940037599619,>40%
MERCEDES_CLS_Total,194.1310373679503,>40%
MERCEDES_E-KLASSE COUPE_Convertibles,197.41315702162893,>40%
MERCEDES_E-KLASSE COUPE_Hybrid,197.00816490771922,>40%
MERCEDES_E-KLASSE COUPE_Petrol,197.9725836825608,>40%
MERCEDES_E-KLASSE COUPE_Total,194.5518615389063,>40%
MERCEDES_E-KLASSE_All_Wheel_Drive,70.8267015967102,>40%
MERCEDES_E-KLASSE_Diesel,195.35720725920774,>40%
MERCEDES_E-KLASSE_Electric_BEV,55.56281901034945,>40%
MERCEDES_E-KLASSE_Hybrid,74.28989362592445,>40%
MERCEDES_E-KLASSE_Petrol,196.64542547621485,>40%
MERCEDES_E-KLASSE_Total,86.57727605625203,>40%
MERCEDES_G-KLASSE_All_Wheel_Drive,62.04216592635047,>40%
MERCEDES_G-KLASSE_Diesel,198.60623594163673,>40%
MERCEDES_G-KLASSE_Electric_BEV,81.67713857038534,>40%
MERCEDES_G-KLASSE_Hybrid,63.264679072965166,>40%
MERCEDES_G-KLASSE_Petrol,168.61628030341512,>40%
MERCEDES_G-KLASSE_Total,60.63447949410317,>40%
"MERCEDES_GL-KLASSE, GLS_All_Wheel_Drive",28.81748276982697,20-30%
"MERCEDES_GL-KLASSE, GLS_Diesel",191.71278507445135,>40%
"MERCEDES_GL-KLASSE, GLS_Hybrid",30.82805288490904,30-40%
"MERCEDES_GL-KLASSE, GLS_Petrol",190.57185481990192,>40%
"MERCEDES_GL-KLASSE, GLS_Total",31.280438041068127,30-40%
MERCEDES_GLA_All_Wheel_Drive,74.57393002035006,>40%
MERCEDES_GLA_Diesel,56.33437716236399,>40%
MERCEDES_GLA_Electric_BEV,67.45852087519778,>40%
MERCEDES_GLA_Hybrid,63.441353568591865,>40%
MERCEDES_GLA_Petrol,155.02527715992767,>40%
MERCEDES_GLA_Total,83.76129163666722,>40%
MERCEDES_GLB_All_Wheel_Drive,58.54861826731743,>40%
MERCEDES_GLB_Diesel,40.61102548997561,>40%
MERCEDES_GLB_Electric_BEV,62.72233112637375,>40%
MERCEDES_GLB_Hybrid,42.07258837333397,>40%
MERCEDES_GLB_Petrol,182.62462390862524,>40%
MERCEDES_GLB_Total,60.30582418657472,>40%
"MERCEDES_GLK, GLC_All_Wheel_Drive",90.06704093329448,>40%
"MERCEDES_GLK, GLC_Electric_BEV",199.11912686689365,>40%
"MERCEDES_GLK, GLC_Hybrid",88.35176202959794,>40%
"MERCEDES_GLK, GLC_Petrol",197.41168612314786,>40%
"MERCEDES_GLK, GLC_Total",90.5952000401367,>40%
"MERCEDES_ML-KLASSE, GLE_All_Wheel_Drive",29.830615031129092,20-30%
"MERCEDES_ML-KLASSE, GLE_Diesel",178.75833444509217,>40%
"MERCEDES_ML-KLASSE, GLE_Hybrid",31.159586151683545,30-40%
"MERCEDES_ML-KLASSE, GLE_Petrol",200.0,>40%
"MERCEDES_ML-KLASSE, GLE_Total",28.223278952013064,20-30%
MERCEDES_S-KLASSE_All_Wheel_Drive,13.811570503745177,10-20%
MERCEDES_S-KLASSE_Diesel,198.05839231187238,>40%
MERCEDES_S-KLASSE_Electric_BEV,19.464699619296468,10-20%
MERCEDES_S-KLASSE_Hybrid,19.40245212723478,10-20%
MERCEDES_S-KLASSE_Petrol,137.3413960107897,>40%
MERCEDES_S-KLASSE_Total,12.730671907417271,10-20%
MERCEDES_SL_All_Wheel_Drive,90.96518351464793,>40%
MERCEDES_SL_Convertibles,77.41913927400145,>40%
MERCEDES_SL_Hybrid,142.39993336313066,>40%
MERCEDES_SL_Petrol,106.28595104110818,>40%
MERCEDES_SL_Total,72.86624353481795,>40%
MERCEDES_SONSTIGE_All_Wheel_Drive,170.50485865542012,>40%
MERCEDES_SONSTIGE_Convertibles,200.0,>40%
MERCEDES_SONSTIGE_Diesel,200.0,>40%
MERCEDES_SONSTIGE_Hybrid,175.9047153580625,>40%
MERCEDES_SONSTIGE_Petrol,180.49064686525796,>40%
MERCEDES_SONSTIGE_Total,160.29790239575618,>40%
MERCEDES_SPRINTER_All_Wheel_Drive,14.321255496082873,10-20%
MERCEDES_SPRINTER_Diesel,30.00839854668994,30-40%
MERCEDES_SPRINTER_Electric_BEV,200.0,>40%
MERCEDES_SPRINTER_Petrol,193.91267997331934,>40%
MERCEDES_SPRINTER_Total,30.402146182911743,30-40%
MERCEDES_V-KLASSE_All_Wheel_Drive,59.32933828286055,>40%
MERCEDES_V-KLASSE_Diesel,61.54605272532719,>40%
MERCEDES_V-KLASSE_Electric_BEV,29.81409758758114,20-30%
MERCEDES_V-KLASSE_Hybrid,146.45214877808078,>40%
MERCEDES_V-KLASSE_Petrol,198.99666724812857,>40%
MERCEDES_V-KLASSE_Total,64.28548169784636,>40%
MERCEDES_VITO_All_Wheel_Drive,3.618004228483623,<10%
MERCEDES_VITO_Diesel,36.42353078839386,30-40%
MERCEDES_VITO_Electric_BEV,118.11430640725035,>40%
MERCEDES_VITO_Hybrid,200.0,>40%
MERCEDES_VITO_Petrol,192.7465187159652,>40%
MERCEDES_VITO_Total,38.617674034426685,30-40%
MG ROEWE_4_All_Wheel_Drive,106.62832536399979,>40%
MG ROEWE_4_Electric_BEV,69.06358197287192,>40%
MG ROEWE_4_Total,67.59084024727603,>40%
MG ROEWE_5_Electric_BEV,155.52166722171404,>40%
MG ROEWE_5_Total,156.7836281551469,>40%
MG ROEWE_MARVEL_All_Wheel_Drive,187.69218606771244,>40%
MG ROEWE_MARVEL_Electric_BEV,186.2944720335154,>40%
MG ROEWE_MARVEL_Total,187.7442502136627,>40%
MG ROEWE_RX6_Hybrid,136.56944721168722,>40%
MG ROEWE_RX6_Petrol,71.30971934819904,>40%
MG ROEWE_RX6_Total,48.09872803395548,>40%
MG ROEWE_ZS_Electric_BEV,123.19398427799848,>40%
MG ROEWE_ZS_Hybrid,72.01956834185332,>40%
MG ROEWE_ZS_Petrol,71.6529419017561,>40%
MG ROEWE_ZS_Total,20.1303974973157,20-30%
MINI_MINI_All_Wheel_Drive,23.68725145625076,20-30%
MINI_MINI_Convertibles,120.50281512393562,>40%
MINI_MINI_Diesel,191.13295815057896,>40%
MINI_MINI_Electric_BEV,54.11175482036709,>40%
MINI_MINI_Hybrid,29.133116722990675,20-30%
MINI_MINI_Petrol,42.27249387758863,>40%
MINI_MINI_Total,76.61807176040976,>40%
MITSUBISHI_ASX_All_Wheel_Drive,200.0,>40%
MITSUBISHI_ASX_Diesel,200.0,>40%
MITSUBISHI_ASX_Hybrid,13.730612290065894,10-20%
MITSUBISHI_ASX_Petrol,70.23946827471654,>40%
MITSUBISHI_ASX_Total,28.762716300471975,20-30%
MITSUBISHI_COLT_Hybrid,54.17333570655427,>40%
MITSUBISHI_COLT_Petrol,12.372075760452034,10-20%
MITSUBISHI_COLT_Total,19.32679691840209,10-20%
MITSUBISHI_ECLIPSE CROSS_All_Wheel_Drive,83.64120737497694,>40%
MITSUBISHI_ECLIPSE CROSS_Hybrid,81.53793691669898,>40%
MITSUBISHI_ECLIPSE CROSS_Total,81.50008475786275,>40%
"MITSUBISHI_MIRAGE, SPACE STAR_Petrol",35.87472087075063,30-40%
"MITSUBISHI_MIRAGE, SPACE STAR_Total",39.61953451184379,30-40%
MITSUBISHI_SONSTIGE_All_Wheel_Drive,200.0,>40%
MITSUBISHI_SONSTIGE_Diesel,200.0,>40%
MITSUBISHI_SONSTIGE_Hybrid,200.0,>40%
MITSUBISHI_SONSTIGE_Petrol,200.0,>40%
MITSUBISHI_SONSTIGE_Total,200.0,>40%
NIO_EL6_All_Wheel_Drive,169.1289900489229,>40%
NIO_EL6_Electric_BEV,169.83440505811475,>40%
NIO_EL6_Total,169.3410034275946,>40%
NIO_ET5_All_Wheel_Drive,166.90551056482823,>40%
NIO_ET5_Electric_BEV,166.6574867010056,>40%
NIO_ET5_Total,166.70655715419667,>40%
NIO_ET7_All_Wheel_Drive,175.6924828111851,>40%
NIO_ET7_Electric_BEV,176.04233257919407,>40%
NIO_ET7_Total,176.82324249232204,>40%
NISSAN_ARIYA_All_Wheel_Drive,47.61038261913422,>40%
NISSAN_ARIYA_Electric_BEV,34.42694446146889,30-40%
NISSAN_ARIYA_Total,31.78489311540807,30-40%
NISSAN_JUKE_Hybrid,17.72845068478707,10-20%
NISSAN_JUKE_Petrol,30.891982895888965,30-40%
NISSAN_JUKE_Total,34.20061715677941,30-40%
NISSAN_LEAF_Electric_BEV,163.09580383980006,>40%
NISSAN_LEAF_Total,158.5263475574745,>40%
NISSAN_PRIMASTAR_All_Wheel_Drive,200.0,>40%
NISSAN_PRIMASTAR_Diesel,16.412301467211726,10-20%
NISSAN_PRIMASTAR_Petrol,200.0,>40%
NISSAN_PRIMASTAR_Total,18.139993527592555,10-20%
NISSAN_QASHQAI_All_Wheel_Drive,132.8530031636812,>40%
NISSAN_QASHQAI_Hybrid,47.241791350033516,>40%
NISSAN_QASHQAI_Petrol,198.9808552977127,>40%
NISSAN_QASHQAI_Total,48.029846978247036,>40%
NISSAN_SONSTIGE_All_Wheel_Drive,200.0,>40%
NISSAN_SONSTIGE_Diesel,185.5269255231657,>40%
NISSAN_SONSTIGE_Electric_BEV,200.0,>40%
NISSAN_SONSTIGE_Hybrid,200.0,>40%
NISSAN_SONSTIGE_Petrol,195.00543921280538,>40%
NISSAN_SONSTIGE_Total,181.2917298942318,>40%
NISSAN_TOWNSTAR_Electric_BEV,152.9912284859092,>40%
NISSAN_TOWNSTAR_Petrol,24.553146688758623,20-30%
NISSAN_TOWNSTAR_Total,22.079839546751288,20-30%
NISSAN_X-TRAIL_All_Wheel_Drive,23.88513014969057,20-30%
NISSAN_X-TRAIL_Hybrid,13.088114114407123,10-20%
NISSAN_X-TRAIL_Total,19.3364452003196,10-20%
OPEL_ASTRA_Diesel,38.914728013569544,30-40%
OPEL_ASTRA_Electric_BEV,27.39825510640123,20-30%
OPEL_ASTRA_Hybrid,19.70715965529787,10-20%
OPEL_ASTRA_Petrol,46.82178394216882,>40%
OPEL_ASTRA_Total,66.43093168857554,>40%
OPEL_COMBO_Diesel,83.81011253661961,>40%
OPEL_COMBO_Electric_BEV,114.75258680019265,>40%
OPEL_COMBO_Petrol,190.11310408115804,>40%
OPEL_COMBO_Total,68.70076417271991,>40%
OPEL_CORSA_All_Wheel_Drive,200.0,>40%
OPEL_CORSA_Diesel,162.7393192857441,>40%
OPEL_CORSA_Electric_BEV,70.97865725696028,>40%
OPEL_CORSA_Hybrid,18.32009970713953,10-20%
OPEL_CORSA_Petrol,80.8119193186782,>40%
OPEL_CORSA_Total,92.93798580257479,>40%
OPEL_CROSSLAND X_Diesel,161.23831543550813,>40%
OPEL_CROSSLAND X_Petrol,133.27194276055033,>40%
OPEL_CROSSLAND X_Total,129.12593605832535,>40%
OPEL_GRANDLAND X_All_Wheel_Drive,167.91314297812957,>40%
OPEL_GRANDLAND X_Diesel,45.46205408126327,>40%
OPEL_GRANDLAND X_Electric_BEV,99.07752093170274,>40%
OPEL_GRANDLAND X_Hybrid,44.41277930623044,>40%
OPEL_GRANDLAND X_Petrol,67.61323009120778,>40%
OPEL_GRANDLAND X_Total,77.30949903154703,>40%
OPEL_MOKKA_Diesel,198.82416721300604,>40%
OPEL_MOKKA_Electric_BEV,107.67662033108168,>40%
OPEL_MOKKA_Hybrid,98.71252173827926,>40%
OPEL_MOKKA_Petrol,64.83721460160893,>40%
OPEL_MOKKA_Total,62.50877805650056,>40%
OPEL_MOVANO_All_Wheel_Drive,200.0,>40%
OPEL_MOVANO_Diesel,96.17061216023836,>40%
OPEL_MOVANO_Electric_BEV,200.0,>40%
OPEL_MOVANO_Petrol,200.0,>40%
OPEL_MOVANO_Total,96.14936279329997,>40%
OPEL_SONSTIGE_Diesel,200.0,>40%
OPEL_SONSTIGE_Petrol,191.51232276287323,>40%
OPEL_SONSTIGE_Total,191.16534909275308,>40%
OPEL_VIVARO_All_Wheel_Drive,200.0,>40%
OPEL_VIVARO_Diesel,160.55115966013258,>40%
OPEL_VIVARO_Total,159.73765000476246,>40%
OPEL_ZAFIRA LIFE_All_Wheel_Drive,200.0,>40%
OPEL_ZAFIRA LIFE_Diesel,30.952394562120638,30-40%
OPEL_ZAFIRA LIFE_Electric_BEV,150.426820402624,>40%
OPEL_ZAFIRA LIFE_Total,29.370207862572784,20-30%
PEUGEOT_2008_Diesel,195.57620981669956,>40%
PEUGEOT_2008_Electric_BEV,74.85079276772846,>40%
PEUGEOT_2008_Hybrid,71.10032618468735,>40%
PEUGEOT_2008_Petrol,23.825214149263818,20-30%
PEUGEOT_2008_Total,21.73596310822117,20-30%
PEUGEOT_208_Electric_BEV,64.47729518527596,>40%
PEUGEOT_208_Hybrid,66.55183963253619,>40%
PEUGEOT_208_Petrol,89.014361265651,>40%
PEUGEOT_208_Total,99.36011682756688,>40%
PEUGEOT_3008_All_Wheel_Drive,166.29717379843837,>40%
PEUGEOT_3008_Diesel,192.77288447331946,>40%
PEUGEOT_3008_Electric_BEV,77.91884118311006,>40%
PEUGEOT_3008_Hybrid,59.14505846035557,>40%
PEUGEOT_3008_Petrol,172.17082266933159,>40%
PEUGEOT_3008_Total,44.46540146913935,>40%
PEUGEOT_308_Diesel,83.81521002304585,>40%
PEUGEOT_308_Electric_BEV,136.3874747504104,>40%
PEUGEOT_308_Hybrid,20.073765851539306,20-30%
PEUGEOT_308_Petrol,13.982657110866809,10-20%
PEUGEOT_308_Total,54.98707230191865,>40%
PEUGEOT_408_Electric_BEV,200.0,>40%
PEUGEOT_408_Hybrid,26.70726791669569,20-30%
PEUGEOT_408_Petrol,50.235687584477475,>40%
PEUGEOT_408_Total,42.082692344710026,>40%
PEUGEOT_5008_All_Wheel_Drive,200.0,>40%
PEUGEOT_5008_Diesel,110.53001314636275,>40%
PEUGEOT_5008_Electric_BEV,106.13568221133222,>40%
PEUGEOT_5008_Hybrid,23.460315862873035,20-30%
PEUGEOT_5008_Petrol,184.64700639038008,>40%
PEUGEOT_5008_Total,62.18866428528762,>40%
PEUGEOT_508_All_Wheel_Drive,184.95750934306798,>40%
PEUGEOT_508_Diesel,102.77142885210075,>40%
PEUGEOT_508_Hybrid,114.71237652473253,>40%
PEUGEOT_508_Petrol,60.51909266679818,>40%
PEUGEOT_508_Total,70.50248246474558,>40%
PEUGEOT_BOXER_All_Wheel_Drive,200.0,>40%
PEUGEOT_BOXER_Diesel,16.87781069852139,10-20%
PEUGEOT_BOXER_Petrol,197.32926250229522,>40%
PEUGEOT_BOXER_Total,18.39584160018751,10-20%
PEUGEOT_EXPERT_All_Wheel_Drive,200.0,>40%
PEUGEOT_EXPERT_Diesel,96.94364218707733,>40%
PEUGEOT_EXPERT_Electric_BEV,176.93147471178568,>40%
PEUGEOT_EXPERT_Total,76.85182378284048,>40%
PEUGEOT_RIFTER_Diesel,88.25274670047509,>40%
PEUGEOT_RIFTER_Electric_BEV,145.39642636732566,>40%
PEUGEOT_RIFTER_Petrol,191.41680449182925,>40%
PEUGEOT_RIFTER_Total,55.78706784385359,>40%
POLESTAR_2_All_Wheel_Drive,94.30856124617168,>40%
POLESTAR_2_Electric_BEV,42.47927353283469,>40%
POLESTAR_2_Total,34.84015076842013,30-40%
PORSCHE_911_All_Wheel_Drive,54.104953494080036,>40%
PORSCHE_911_Convertibles,51.17008223225245,>40%
PORSCHE_911_Hybrid,56.95494516618707,>40%
PORSCHE_911_Petrol,31.91633840273716,30-40%
PORSCHE_911_Total,45.991846508415016,>40%
PORSCHE_BOXSTER_Convertibles,115.10331573335833,>40%
PORSCHE_BOXSTER_Petrol,114.61174432517778,>40%
PORSCHE_BOXSTER_Total,117.27913066034257,>40%
PORSCHE_CAYENNE_All_Wheel_Drive,21.84551324444825,20-30%
PORSCHE_CAYENNE_Hybrid,11.003582647478959,10-20%
PORSCHE_CAYENNE_Petrol,32.538023395639584,30-40%
PORSCHE_CAYENNE_Total,23.13859412244457,20-30%
PORSCHE_CAYMAN_Petrol,72.39814917662937,>40%
PORSCHE_CAYMAN_Total,70.23159948293274,>40%
PORSCHE_MACAN_All_Wheel_Drive,67.49559856950982,>40%
PORSCHE_MACAN_Electric_BEV,81.40302677348504,>40%
PORSCHE_MACAN_Petrol,159.5732818509102,>40%
PORSCHE_MACAN_Total,74.93695575975606,>40%
PORSCHE_PANAMERA_All_Wheel_Drive,27.59410675414803,20-30%
PORSCHE_PANAMERA_Hybrid,28.052175358830045,20-30%
PORSCHE_PANAMERA_Petrol,62.127237131834846,>40%
PORSCHE_PANAMERA_Total,28.451241507357377,20-30%
PORSCHE_SONSTIGE_All_Wheel_Drive,59.90659517894626,>40%
PORSCHE_SONSTIGE_Convertibles,63.629662947322274,>40%
PORSCHE_SONSTIGE_Electric_BEV,42.77496441720028,>40%
PORSCHE_SONSTIGE_Hybrid,190.68918969310545,>40%
PORSCHE_SONSTIGE_Petrol,88.96928852645735,>40%
PORSCHE_SONSTIGE_Total,31.191246433421426,30-40%
PORSCHE_TAYCAN_All_Wheel_Drive,36.96952954961656,30-40%
PORSCHE_TAYCAN_Electric_BEV,48.43664693147151,>40%
PORSCHE_TAYCAN_Petrol,200.0,>40%
PORSCHE_TAYCAN_Total,52.03826647240254,>40%
RENAULT_ARKANA_Hybrid,34.0302536351606,30-40%
RENAULT_ARKANA_Total,37.18391493058471,30-40%
RENAULT_AUSTRAL_Hybrid,63.86523062354207,>40%
RENAULT_AUSTRAL_Petrol,200.0,>40%
RENAULT_AUSTRAL_Total,62.73021576020409,>40%
RENAULT_CAPTUR_Hybrid,32.87571788653076,30-40%
RENAULT_CAPTUR_Petrol,58.31956132891977,>40%
RENAULT_CAPTUR_Total,56.74913396317237,>40%
RENAULT_CLIO_Diesel,200.0,>40%
RENAULT_CLIO_Hybrid,21.21442051254016,20-30%
RENAULT_CLIO_Petrol,54.313934413353316,>40%
RENAULT_CLIO_Total,54.42184154991844,>40%
RENAULT_ESPACE_Hybrid,39.68513186603301,30-40%
RENAULT_ESPACE_Total,52.85124432655016,>40%
RENAULT_KANGOO_Diesel,30.34472465312802,30-40%
RENAULT_KANGOO_Electric_BEV,137.22868340447184,>40%
RENAULT_KANGOO_Petrol,38.41026994858812,30-40%
RENAULT_KANGOO_Total,46.72961862817268,>40%
RENAULT_KOLEOS_All_Wheel_Drive,182.23516048507904,>40%
RENAULT_KOLEOS_Diesel,182.7820452774571,>40%
RENAULT_KOLEOS_Petrol,200.0,>40%
RENAULT_KOLEOS_Total,184.38901813421253,>40%
RENAULT_MASTER_All_Wheel_Drive,200.0,>40%
RENAULT_MASTER_Diesel,46.32345265018527,>40%
RENAULT_MASTER_Petrol,186.79421856219818,>40%
RENAULT_MASTER_Total,35.80410632371587,30-40%
RENAULT_MEGANE_Diesel,165.12618935278792,>40%
RENAULT_MEGANE_Electric_BEV,63.94686783501459,>40%
RENAULT_MEGANE_Hybrid,200.0,>40%
RENAULT_MEGANE_Petrol,141.73370200598654,>40%
RENAULT_MEGANE_Total,37.92646272613116,30-40%
RENAULT_TRAFIC_All_Wheel_Drive,200.0,>40%
RENAULT_TRAFIC_Diesel,60.17670508464092,>40%
RENAULT_TRAFIC_Petrol,197.20321088227095,>40%
RENAULT_TRAFIC_Total,63.33006971170381,>40%
RENAULT_TWINGO_Electric_BEV,172.28338890424334,>40%
RENAULT_TWINGO_Petrol,105.8527724480817,>40%
RENAULT_TWINGO_Total,112.72364767516032,>40%
RENAULT_ZOE_Electric_BEV,171.40184506459553,>40%
RENAULT_ZOE_Total,173.28423392185613,>40%
ROLLS ROYCE_CULLINAN_All_Wheel_Drive,194.7764133336501,>40%
ROLLS ROYCE_CULLINAN_Petrol,194.364872021214,>40%
ROLLS ROYCE_CULLINAN_Total,194.66412707475217,>40%
ROLLS ROYCE_SONSTIGE_All_Wheel_Drive,100.24994262447937,>40%
ROLLS ROYCE_SONSTIGE_Convertibles,200.0,>40%
ROLLS ROYCE_SONSTIGE_Electric_BEV,200.0,>40%
ROLLS ROYCE_SONSTIGE_Petrol,96.23219972807698,>40%
ROLLS ROYCE_SONSTIGE_Total,95.09055060004692,>40%
ROLLS ROYCE_SPECTRE_All_Wheel_Drive,166.0386748853563,>40%
ROLLS ROYCE_SPECTRE_Electric_BEV,165.8303464989194,>40%
ROLLS ROYCE_SPECTRE_Total,165.61397171895854,>40%
SEAT_ARONA_Petrol,26.074209413555256,20-30%
SEAT_ARONA_Total,22.62817838429028,20-30%
SEAT_ATECA_All_Wheel_Drive,23.70391133439588,20-30%
SEAT_ATECA_Diesel,24.270464596444043,20-30%
SEAT_ATECA_Petrol,39.74964735840626,30-40%
SEAT_ATECA_Total,42.667827620934446,>40%
SEAT_BORN_Electric_BEV,76.56567723199869,>40%
SEAT_BORN_Total,72.1534268291485,>40%
SEAT_FORMENTOR_All_Wheel_Drive,42.30458765193481,>40%
SEAT_FORMENTOR_Diesel,54.005019573068836,>40%
SEAT_FORMENTOR_Hybrid,80.89267277020903,>40%
SEAT_FORMENTOR_Petrol,27.48182148569103,20-30%
SEAT_FORMENTOR_Total,70.23866723845028,>40%
SEAT_IBIZA_Petrol,36.116716574620014,30-40%
SEAT_IBIZA_Total,33.647294432406774,30-40%
SEAT_LEON_All_Wheel_Drive,100.55566320001495,>40%
SEAT_LEON_Diesel,34.29119059557783,30-40%
SEAT_LEON_Hybrid,69.74490207681453,>40%
SEAT_LEON_Petrol,48.78298496148726,>40%
SEAT_LEON_Total,85.45558733707274,>40%
SEAT_SONSTIGE_All_Wheel_Drive,200.0,>40%
SEAT_SONSTIGE_Electric_BEV,200.0,>40%
SEAT_SONSTIGE_Hybrid,200.0,>40%
SEAT_SONSTIGE_Petrol,198.51334068075778,>40%
SEAT_SONSTIGE_Total,198.55947429908775,>40%
SEAT_TARRACO_All_Wheel_Drive,131.0829312586315,>40%
SEAT_TARRACO_Diesel,103.12228287229456,>40%
SEAT_TARRACO_Hybrid,103.09695617068036,>40%
SEAT_TARRACO_Petrol,99.6389298464738,>40%
SEAT_TARRACO_Total,65.47452631339733,>40%
SKODA_ENYAQ_All_Wheel_Drive,90.27422577855293,>40%
SKODA_ENYAQ_Electric_BEV,90.63547886369831,>40%
SKODA_ENYAQ_Total,90.63421582196182,>40%
SKODA_FABIA_All_Wheel_Drive,200.0,>40%
SKODA_FABIA_Petrol,67.99424006756718,>40%
SKODA_FABIA_Total,67.99424006756718,>40%
SKODA_KAMIQ_Petrol,63.924098143467525,>40%
SKODA_KAMIQ_Total,63.924098143467525,>40%
SKODA_KAROQ_All_Wheel_Drive,31.295816884289952,30-40%
SKODA_KAROQ_Diesel,36.95818675827715,30-40%
SKODA_KAROQ_Petrol,71.35907623748179,>40%
SKODA_KAROQ_Total,79.52805936170311,>40%
SKODA_KODIAQ_All_Wheel_Drive,30.446220990233137,30-40%
SKODA_KODIAQ_Diesel,49.06946199133611,>40%
SKODA_KODIAQ_Hybrid,79.55743960385902,>40%
SKODA_KODIAQ_Petrol,118.45609108005213,>40%
SKODA_KODIAQ_Total,65.88862926012646,>40%
SKODA_OCTAVIA_All_Wheel_Drive,137.01896403692447,>40%
SKODA_OCTAVIA_Diesel,64.59483202973163,>40%
SKODA_OCTAVIA_Hybrid,28.891957787647364,20-30%
SKODA_OCTAVIA_Petrol,73.11197138340874,>40%
SKODA_OCTAVIA_Total,88.27403207597003,>40%
SKODA_SCALA_Petrol,39.290794215321675,30-40%
SKODA_SCALA_Total,39.290794215321675,30-40%
SKODA_SONSTIGE_All_Wheel_Drive,200.0,>40%
SKODA_SONSTIGE_Diesel,200.0,>40%
SKODA_SONSTIGE_Electric_BEV,200.0,>40%
SKODA_SONSTIGE_Petrol,192.68519276431226,>40%
SKODA_SONSTIGE_Total,192.67338035190897,>40%
SKODA_SUPERB_All_Wheel_Drive,55.09400840715729,>40%
SKODA_SUPERB_Diesel,43.758519873151876,>40%
SKODA_SUPERB_Hybrid,70.67778875795595,>40%
SKODA_SUPERB_Petrol,28.748123487614883,20-30%
SKODA_SUPERB_Total,69.69035981582749,>40%
SMART_1_All_Wheel_Drive,32.29729641344895,30-40%
SMART_1_Electric_BEV,30.831528245797884,30-40%
SMART_1_Total,30.831528245797884,30-40%
SMART_3_All_Wheel_Drive,56.04314517730151,>40%
SMART_3_Electric_BEV,45.95050485079326,>40%
SMART_3_Total,45.95050485079326,>40%
SMART_FORTWO_Convertibles,200.0,>40%
SMART_FORTWO_Electric_BEV,198.13209096288944,>40%
SMART_FORTWO_Total,198.13209096288944,>40%
SUBARU_BRZ_Petrol,126.25899018028959,>40%
SUBARU_BRZ_Total,126.25899018028959,>40%
SUBARU_FORESTER_All_Wheel_Drive,84.15758922107428,>40%
SUBARU_FORESTER_Hybrid,84.15758922107428,>40%
SUBARU_FORESTER_Petrol,200.0,>40%
SUBARU_FORESTER_Total,84.15758922107428,>40%
SUBARU_OUTBACK_All_Wheel_Drive,40.73473390468201,>40%
SUBARU_OUTBACK_Petrol,40.73473390468201,>40%
SUBARU_OUTBACK_Total,40.73473390468201,>40%
SUBARU_SONSTIGE_All_Wheel_Drive,200.0,>40%
SUBARU_SONSTIGE_Electric_BEV,200.0,>40%
SUBARU_SONSTIGE_Petrol,200.0,>40%
SUBARU_SONSTIGE_Total,200.0,>40%
SUZUKI_IGNIS_All_Wheel_Drive,66.72081809298605,>40%
SUZUKI_IGNIS_Hybrid,14.161220440655187,10-20%
SUZUKI_IGNIS_Total,14.161220440655187,10-20%
SUZUKI_SONSTIGE_All_Wheel_Drive,200.0,>40%
SUZUKI_SONSTIGE_Electric_BEV,200.0,>40%
SUZUKI_SONSTIGE_Petrol,192.31098624853126,>40%
SUZUKI_SONSTIGE_Total,192.31098624853126,>40%
SUZUKI_SWACE_Hybrid,38.73192647797496,30-40%
SUZUKI_SWACE_Total,38.73192647797496,30-40%
SUZUKI_SWIFT_All_Wheel_Drive,16.221947515197673,10-20%
SUZUKI_SWIFT_Hybrid,75.94147779865504,>40%
SUZUKI_SWIFT_Petrol,200.0,>40%
SUZUKI_SWIFT_Total,75.933757944606,>40%
SUZUKI_SX4_All_Wheel_Drive,36.60945819357944,30-40%
SUZUKI_SX4_Hybrid,34.63687140051003,30-40%
SUZUKI_SX4_Petrol,200.0,>40%
SUZUKI_SX4_Total,34.63832640276922,30-40%
SUZUKI_VITARA_All_Wheel_Drive,7.494498422674418,<10%
SUZUKI_VITARA_Electric_BEV,200.0,>40%
SUZUKI_VITARA_Hybrid,16.831956516329356,10-20%
SUZUKI_VITARA_Petrol,196.09629892872886,>40%
SUZUKI_VITARA_Total,16.96018183769109,10-20%
TESLA_MODEL 3_All_Wheel_Drive,30.449018892546192,30-40%
TESLA_MODEL 3_Electric_BEV,33.88671169386123,30-40%
TESLA_MODEL 3_Total,33.88671169386123,30-40%
TESLA_MODEL S_All_Wheel_Drive,146.7652560507364,>40%
TESLA_MODEL S_Electric_BEV,146.7652560507364,>40%
TESLA_MODEL S_Total,146.7652560507364,>40%
TESLA_MODEL X_All_Wheel_Drive,157.26388584193646,>40%
TESLA_MODEL X_Electric_BEV,157.26388584193646,>40%
TESLA_MODEL X_Total,157.26388584193646,>40%
TESLA_MODEL Y_All_Wheel_Drive,51.931952513106374,>40%
TESLA_MODEL Y_Electric_BEV,64.05171756551421,>40%
TESLA_MODEL Y_Total,64.05171756551421,>40%
TOYOTA_AYGO_Petrol,80.25848392640596,>40%
TOYOTA_AYGO_Total,80.25848392640596,>40%
TOYOTA_BZ4_All_Wheel_Drive,167.76415712302588,>40%
TOYOTA_BZ4_Electric_BEV,64.54624548814553,>40%
TOYOTA_BZ4_Total,64.54624548814553,>40%
TOYOTA_C-HR_All_Wheel_Drive,98.9664018791462,>40%
TOYOTA_C-HR_Hybrid,52.159804181542704,>40%
TOYOTA_C-HR_Petrol,197.5246994202233,>40%
TOYOTA_C-HR_Total,52.16410810781809,>40%
TOYOTA_CAMRY_Hybrid,200.0,>40%
TOYOTA_CAMRY_Petrol,200.0,>40%
TOYOTA_CAMRY_Total,200.0,>40%
TOYOTA_COROLLA_All_Wheel_Drive,115.87266427249662,>40%
TOYOTA_COROLLA_Hybrid,64.14634618705787,>40%
TOYOTA_COROLLA_Petrol,200.0,>40%
TOYOTA_COROLLA_Total,64.12679321295187,>40%
TOYOTA_GR 86_Petrol,176.45641650602533,>40%
TOYOTA_GR 86_Total,176.45641650602533,>40%
TOYOTA_HIGHLANDER_All_Wheel_Drive,194.635196649982,>40%
TOYOTA_HIGHLANDER_Hybrid,197.08798700621105,>40%
TOYOTA_HIGHLANDER_Total,194.635196649982,>40%
TOYOTA_LANDCRUISER_All_Wheel_Drive,102.01989901320358,>40%
TOYOTA_LANDCRUISER_Diesel,101.90440306310649,>40%
TOYOTA_LANDCRUISER_Hybrid,200.0,>40%
TOYOTA_LANDCRUISER_Petrol,198.06290494801445,>40%
TOYOTA_LANDCRUISER_Total,102.01989901320358,>40%
TOYOTA_PRIUS_Hybrid,154.5359942060098,>40%
TOYOTA_PRIUS_Total,154.5359942060098,>40%
TOYOTA_PROACE_Diesel,68.6167976382026,>40%
TOYOTA_PROACE_Electric_BEV,165.38570851529275,>40%
TOYOTA_PROACE_Petrol,14.589376951778368,10-20%
TOYOTA_PROACE_Total,69.02779551238572,>40%
TOYOTA_RAV 4_All_Wheel_Drive,39.55350510227482,30-40%
TOYOTA_RAV 4_Hybrid,43.08301434761192,>40%
TOYOTA_RAV 4_Petrol,197.53568088935216,>40%
TOYOTA_RAV 4_Total,43.021813308772586,>40%
TOYOTA_SUPRA_Petrol,132.69434455948596,>40%
TOYOTA_SUPRA_Total,132.69434455948596,>40%
TOYOTA_YARIS_All_Wheel_Drive,42.09448125301476,>40%
TOYOTA_YARIS_Hybrid,96.03436406858988,>40%
TOYOTA_YARIS_Petrol,44.06123354165104,>40%
TOYOTA_YARIS_Total,98.66599077575513,>40%
VOLVO_60_All_Wheel_Drive,34.62485832319855,30-40%
VOLVO_60_Hybrid,32.38340444287187,30-40%
VOLVO_60_Total,32.368840507507954,30-40%
VOLVO_90_All_Wheel_Drive,36.103660044115344,30-40%
VOLVO_90_Hybrid,31.994958993615935,30-40%
VOLVO_90_Petrol,200.0,>40%
VOLVO_90_Total,32.322437658069234,30-40%
VOLVO_C40_All_Wheel_Drive,133.17480636218906,>40%
VOLVO_C40_Electric_BEV,58.38217725205915,>40%
VOLVO_C40_Total,58.38217725205915,>40%
VOLVO_EX30_All_Wheel_Drive,38.142349808464544,30-40%
VOLVO_EX30_Electric_BEV,6.574046182738677,<10%
VOLVO_EX30_Total,6.574046182738677,<10%
VOLVO_XC40_All_Wheel_Drive,43.370845715455566,>40%
VOLVO_XC40_Electric_BEV,13.718094017887154,10-20%
VOLVO_XC40_Hybrid,53.721125405223134,>40%
VOLVO_XC40_Petrol,192.435269072609,>40%
VOLVO_XC40_Total,54.26098320176229,>40%
VOLVO_XC60_All_Wheel_Drive,102.70905985125003,>40%
VOLVO_XC60_Hybrid,98.08092849649816,>40%
VOLVO_XC60_Petrol,200.0,>40%
VOLVO_XC60_Total,98.08092849649816,>40%
VOLVO_XC90_All_Wheel_Drive,75.51344928577528,>40%
VOLVO_XC90_Hybrid,75.51344928577528,>40%
VOLVO_XC90_Total,75.51344928577528,>40%
VW_ARTEON_All_Wheel_Drive,26.42573568449505,20-30%
VW_ARTEON_Diesel,20.767002622335337,20-30%
VW_ARTEON_Hybrid,193.5677512552039,>40%
VW_ARTEON_Petrol,49.09832914653252,>40%
VW_ARTEON_Total,57.48361286492975,>40%
VW_CADDY_All_Wheel_Drive,165.52730429586245,>40%
VW_CADDY_Diesel,62.78821325941549,>40%
VW_CADDY_Hybrid,112.1085029448703,>40%
VW_CADDY_Petrol,61.71050202347222,>40%
VW_CADDY_Total,76.937660461464,>40%
VW_CRAFTER_All_Wheel_Drive,76.67180203897934,>40%
VW_CRAFTER_Diesel,16.623792545754167,10-20%
VW_CRAFTER_Petrol,197.52532876367292,>40%
VW_CRAFTER_Total,16.681725454867347,10-20%
VW_GOLF_All_Wheel_Drive,77.34681387171184,>40%
VW_GOLF_Diesel,50.87511268732147,>40%
VW_GOLF_Electric_BEV,200.0,>40%
VW_GOLF_Hybrid,97.28862543533613,>40%
VW_GOLF_Petrol,105.6135389974189,>40%
VW_GOLF_Total,122.54088421758915,>40%
VW_ID. BUZZ_All_Wheel_Drive,142.67092357780143,>40%
VW_ID. BUZZ_Electric_BEV,77.0222403104771,>40%
VW_ID. BUZZ_Total,77.0222403104771,>40%
VW_ID.3_Electric_BEV,51.42638858769679,>40%
VW_ID.3_Total,51.42638858769679,>40%
"VW_ID.4, ID.5_All_Wheel_Drive",65.2402988499649,>40%
"VW_ID.4, ID.5_Electric_BEV",86.24101876834723,>40%
"VW_ID.4, ID.5_Total",86.24101876834723,>40%
VW_ID.7_All_Wheel_Drive,59.309366062516986,>40%
VW_ID.7_Electric_BEV,101.0658374985055,>40%
VW_ID.7_Total,101.0658374985055,>40%
VW_PASSAT_All_Wheel_Drive,74.90733732830917,>40%
VW_PASSAT_Diesel,76.85710051634844,>40%
VW_PASSAT_Hybrid,56.8818409986692,>40%
VW_PASSAT_Petrol,58.936761959314545,>40%
VW_PASSAT_Total,93.92544810693289,>40%
VW_POLO_Petrol,62.863123360561154,>40%
VW_POLO_Total,62.863123360561154,>40%
VW_SONSTIGE_All_Wheel_Drive,156.5937438251159,>40%
VW_SONSTIGE_Convertibles,200.0,>40%
VW_SONSTIGE_Diesel,182.23509067068443,>40%
VW_SONSTIGE_Electric_BEV,193.14596189436395,>40%
VW_SONSTIGE_Hybrid,130.09360613787814,>40%
VW_SONSTIGE_Petrol,155.68588152238422,>40%
VW_SONSTIGE_Total,90.96005837888261,>40%
VW_T-CROSS_Petrol,65.79364675336356,>40%
VW_T-CROSS_Total,65.79364675336356,>40%
VW_T-ROC_All_Wheel_Drive,11.977569801712384,10-20%
VW_T-ROC_Convertibles,22.116805824885148,20-30%
VW_T-ROC_Diesel,31.721806129293178,30-40%
VW_T-ROC_Hybrid,200.0,>40%
VW_T-ROC_Petrol,107.28406888514247,>40%
VW_T-ROC_Total,110.78607263800055,>40%
VW_TAIGO_Petrol,54.53483264568266,>40%
VW_TAIGO_Total,54.53483264568266,>40%
VW_TIGUAN_All_Wheel_Drive,61.262538097561844,>40%
VW_TIGUAN_Diesel,76.96341021822502,>40%
VW_TIGUAN_Hybrid,99.30885811233124,>40%
VW_TIGUAN_Petrol,33.96585192019301,30-40%
VW_TIGUAN_Total,114.50499653045011,>40%
VW_TOUAREG_All_Wheel_Drive,41.53427333515094,>40%
VW_TOUAREG_Diesel,57.18357280462247,>40%
VW_TOUAREG_Hybrid,84.83550248217861,>40%
VW_TOUAREG_Petrol,82.5939906947542,>40%
VW_TOUAREG_Total,41.53427333515094,>40%
VW_TOURAN_All_Wheel_Drive,200.0,>40%
VW_TOURAN_Diesel,49.15317223666326,>40%
VW_TOURAN_Petrol,53.83423553569738,>40%
VW_TOURAN_Total,64.42764325637852,>40%
VW_TRANSPORTER_All_Wheel_Drive,41.41116938797524,>40%
VW_TRANSPORTER_Diesel,70.20140157415868,>40%
VW_TRANSPORTER_Electric_BEV,200.0,>40%
VW_TRANSPORTER_Hybrid,114.60174958499113,>40%
VW_TRANSPORTER_Petrol,79.16560416422773,>40%
VW_TRANSPORTER_Total,79.44783820441438,>40%
VW_UP_Electric_BEV,151.00552008534524,>40%
VW_UP_Petrol,164.87599385152478,>40%
VW_UP_Total,136.18092622089966,>40%
